Model,Type,d_model,n_layers,Parameters,Val Loss,Train Time (s)
TF-tiny,Transformer,128,4,844800,1.1368015278940615,85.71343445777893
TF-small,Transformer,256,6,4839936,0.91943025070688,189.31808996200562
TF-medium,Transformer,512,8,25417728,0.7967354085134424,525.0224139690399
TF-large,Transformer,768,12,85340160,0.6816544628143311,1438.7391993999481
TF-xl,Transformer,1024,16,201904128,0.6143297338485718,3414.9911239147186
LSTM-tiny,LSTM,512,2,3802786,1.358761041060738,119.40270757675171
LSTM-small,LSTM,768,3,13181346,1.3083786964416504,275.97420740127563
LSTM-medium,LSTM,1024,4,31739042,1.1880178918009219,558.216691493988
LSTM-large,LSTM,1536,5,90088098,0.9888759125833926,1232.2740120887756
