Model,Type,d_model,n_layers,Parameters,Val Loss,Train Time (s)
TF-tiny,Transformer,128,4,844800,1.1371694699577664,63.15146017074585
TF-small,Transformer,256,6,4839936,0.9202435509018276,170.46530556678772
TF-medium,Transformer,512,8,25417728,0.7981821687325187,503.06808066368103
TF-large,Transformer,768,12,85340160,0.6793326914310456,1409.399847984314
TF-xl,Transformer,1024,16,201904128,0.6143297338485718,3414.013855934143
LSTM-tiny,LSTM,512,2,3802786,1.358761041060738,117.96013855934143
LSTM-small,LSTM,768,3,13181346,1.3083786964416504,275.14916920661926
LSTM-medium,LSTM,1024,4,31739042,1.1880178918009219,557.0457994937897
LSTM-large,LSTM,1536,5,90088098,0.9888759125833926,1233.1137351989746
