Model,Type,d_model,n_layers,Parameters,Val Loss,Train Time (s)
TF-tiny,Transformer,128,4,844800,1.13648637999659,85.97077751159668
TF-small,Transformer,256,6,4839936,0.9205165816389996,190.9771065711975
TF-medium,Transformer,512,8,25417728,0.7979215124379033,556.5687201023102
TF-large,Transformer,768,12,85340160,0.6807715010643005,1645.8242571353912
TF-xl,Transformer,1024,16,201904128,0.6143297338485718,3417.6925132274628
LSTM-tiny,LSTM,512,2,3802786,1.358761041060738,118.53355050086975
LSTM-small,LSTM,768,3,13181346,1.3083786964416504,275.1749596595764
LSTM-medium,LSTM,1024,4,31739042,1.1880178918009219,557.6433842182159
LSTM-large,LSTM,1536,5,90088098,0.9888759125833926,1231.0010907649994
