{
  "tiny": {
    "params": 3802786,
    "val_loss": 1.358761041060738,
    "train_loss": 1.881279357773917,
    "train_time": 118.53355050086975,
    "gpu_memory_gb": 2.37699072
  },
  "small": {
    "params": 13181346,
    "val_loss": 1.3083786964416504,
    "train_loss": 1.8462401071548462,
    "train_time": 275.1749596595764,
    "gpu_memory_gb": 4.58108416
  },
  "medium": {
    "params": 31739042,
    "val_loss": 1.1880178918009219,
    "train_loss": 1.7137852970940726,
    "train_time": 557.6433842182159,
    "gpu_memory_gb": 7.54973696
  },
  "large": {
    "params": 90088098,
    "val_loss": 0.9888759125833926,
    "train_loss": 1.3859977210453578,
    "train_time": 1231.0010907649994,
    "gpu_memory_gb": 13.825131008
  }
}