{
  "tiny": {
    "params": 844800,
    "val_loss": 1.1368015278940615,
    "train_loss": 1.6311557802472796,
    "train_time": 85.71343445777893,
    "gpu_memory_gb": 2.223792128,
    "batch_size": 384
  },
  "small": {
    "params": 4839936,
    "val_loss": 0.91943025070688,
    "train_loss": 1.223989625263214,
    "train_time": 189.31808996200562,
    "gpu_memory_gb": 6.140089856,
    "batch_size": 384
  },
  "medium": {
    "params": 25417728,
    "val_loss": 0.7967354085134424,
    "train_loss": 1.045399016911643,
    "train_time": 525.0224139690399,
    "gpu_memory_gb": 16.221750784,
    "batch_size": 384
  },
  "large": {
    "params": 85340160,
    "val_loss": 0.6816544628143311,
    "train_loss": 0.9109544462817575,
    "train_time": 1438.7391993999481,
    "gpu_memory_gb": 24.702145024,
    "batch_size": 256
  },
  "xl": {
    "params": 201904128,
    "val_loss": 0.6143297338485718,
    "train_loss": 0.9212437960488455,
    "train_time": 3414.9911239147186,
    "gpu_memory_gb": 24.697993728,
    "batch_size": 128
  }
}