{
  "tiny": {
    "params": 844800,
    "val_loss": 1.136692384014959,
    "train_loss": 1.6262128648212977,
    "train_time": 71.77189445495605,
    "gpu_memory_gb": 2.188475904,
    "batch_size": 384
  },
  "small": {
    "params": 4839936,
    "val_loss": 0.9197736019673555,
    "train_loss": 1.223784334714072,
    "train_time": 176.7312457561493,
    "gpu_memory_gb": 6.140614144,
    "batch_size": 384
  },
  "medium": {
    "params": 25417728,
    "val_loss": 0.79794572747272,
    "train_loss": 1.0452613867078508,
    "train_time": 509.49212193489075,
    "gpu_memory_gb": 16.224896512,
    "batch_size": 384
  },
  "large": {
    "params": 85340160,
    "val_loss": 0.6829735553264618,
    "train_loss": 0.9110632814746265,
    "train_time": 1415.7330930233002,
    "gpu_memory_gb": 24.70253824,
    "batch_size": 256
  },
  "xl": {
    "params": 201904128,
    "val_loss": 0.6143297338485718,
    "train_loss": 0.9212437960488455,
    "train_time": 3420.7675161361694,
    "gpu_memory_gb": 24.697993728,
    "batch_size": 128
  }
}