{
  "tiny": {
    "params": 844800,
    "val_loss": 1.136315071064493,
    "train_loss": 1.6293255314418247,
    "train_time": 70.3941662311554,
    "gpu_memory_gb": 2.188475904,
    "batch_size": 384
  },
  "small": {
    "params": 4839936,
    "val_loss": 0.9226029307945914,
    "train_loss": 1.2242789952686854,
    "train_time": 183.56769323349,
    "gpu_memory_gb": 6.140614144,
    "batch_size": 384
  },
  "medium": {
    "params": 25417728,
    "val_loss": 0.8014006070468737,
    "train_loss": 1.0451347294262476,
    "train_time": 519.4389836788177,
    "gpu_memory_gb": 16.224896512,
    "batch_size": 384
  },
  "large": {
    "params": 85340160,
    "val_loss": 0.6810767185688019,
    "train_loss": 0.9111912684609925,
    "train_time": 1431.607423067093,
    "gpu_memory_gb": 24.701489664,
    "batch_size": 256
  },
  "xl": {
    "params": 201904128,
    "val_loss": 0.6143297338485718,
    "train_loss": 0.9212437960488455,
    "train_time": 3412.407527923584,
    "gpu_memory_gb": 24.697993728,
    "batch_size": 128
  }
}